Workbook

Sheet 仁愛、安和、大直
A1: ='設定'!B7 -> 悅禾莊園Spa 7月 班表
A2: 館別 | B2: 姓名 | C2: ='設定'!C4 -> 1 | D2: ='設定'!D4 -> 2 | E2: ='設定'!E4 -> 3 | F2: ='設定'!F4 -> 4 | G2: ='設定'!G4 -> 5 | H2: ='設定'!H4 -> 6 | I2: ='設定'!I4 -> 7 | J2: ='設定'!J4 -> 8 | ... AG2: ='設定'!AG4 -> 31
C3: ='設定'!C5 -> 三 | D3: ='設定'!D5 -> 四 | E3: ='設定'!E5 -> 五 | F3: ='設定'!F5 -> 六 | G3: ='設定'!G5 -> 日 | H3: ='設定'!H5 -> 一 | I3: ='設定'!I5 -> 二 | J3: ='設定'!J5 -> 三 | ... AG3: ='設定'!AG5 -> 五
A4: 仁愛 | B4: 呂筱婷 | G4: ● | L4: ● | M4: ● | N4: ● | O4: 休 | P4: ● | Q4: ● | R4: ● | S4: ● | T4: ● | U4: ● | V4: 休 | W4: ● | X4: ● | Y4: ● | Z4: ● | AA4: ● | AB4: ● | AC4: 休 | AD4: ● | AE4: ● | AF4: ● | AG4: ●
B5: 郭麗芳(代)
B6: 溫瑞萍 | S6: 消
B7: 瑞珍 | C7: ● | D7: ● | E7: ● | F7: ● | H7: ● | I7: ● | J7: ● | K7: ● | O7: ● | V7: ● | AC7: ●
A8: 仁愛2 | B8: 愛玉 | S8: 消
A9: 安和 | B9: 邱啟翔 | C9: 休 | D9: ● | E9: 休 | F9: 休 | G9: 休 | H9: 休 | I9: 休 | J9: 休 | K9: 休 | L9: ● | M9: 休 | N9: 休 | O9: ● | P9: 休 | Q9: ● | R9: ● | S9: ● | T9: 休 | U9: 休 | V9: ● | W9: ● | X9: ● | Y9: ● | Z9: 休 | AA9: ● | AB9: 休 | AC9: ● | AD9: ● | AE9: ● | AF9: ● | AG9: ●
B10: 林珮琳(代) | G10: ● | N10: ● | U10: ● | AB10: ●
B11: 溫瑞萍(代) | M11: ● | T11: ● | Z11: ●
B12: 呂筱婷(代) | C12: ● | D12: 消 | E12: ● | F12: ● | H12: ● | I12: ● | J12: ● | K12: ●
A13: 大直 | B13: 陳淑美 | F13: ● | G13: ● | M13: ● | N13: ● | T13: ● | U13: ● | AA13: ● | AB13: ●
B14: 愛玉 | D14: ● | K14: ● | R14: ● | Y14: ● | AF14: ●
B15: 溫瑞萍(代)
B16: 愛玉 | R16: 消

Sheet 中山、南京
A1: ='設定'!B7 -> 悅禾莊園Spa 7月 班表
A2: 館別 | B2: 姓名 | C2: ='設定'!C4 -> 1 | D2: ='設定'!D4 -> 2 | E2: ='設定'!E4 -> 3 | F2: ='設定'!F4 -> 4 | G2: ='設定'!G4 -> 5 | H2: ='設定'!H4 -> 6 | I2: ='設定'!I4 -> 7 | J2: ='設定'!J4 -> 8 | ... AG2: ='設定'!AG4 -> 31
C3: ='設定'!C5 -> 三 | D3: ='設定'!D5 -> 四 | E3: ='設定'!E5 -> 五 | F3: ='設定'!F5 -> 六 | G3: ='設定'!G5 -> 日 | H3: ='設定'!H5 -> 一 | I3: ='設定'!I5 -> 二 | J3: ='設定'!J5 -> 三 | ... AG3: ='設定'!AG5 -> 五
A4: 中山 | B4: 彭靖惠(早) | C4: ● | D4: 休 | E4: 全 | F4: ● | G4: ● | H4: ● | I4: 休 | J4: 全 | K4: ● | L4: ● | M4: 休 | N4: ● | O4: ● | P4: ● | Q4: 休 | R4: ● | S4: ● | T4: 休 | U4: 全 | V4: ● | W4: ● | X4: 休 | Y4: ● | Z4: ● | AA4: 全 | AB4: 休 | AC4: ● | AD4: ● | AE4: ● | AF4: ● | AG4: 休
B5: 阿秋(晚) | C5: ● | D5: 休 | E5: 休 | F5: ● | G5: ● | H5: ● | I5: 休 | J5: 休 | K5: ● | L5: ● | M5: 全 | N5: 休 | O5: ● | P5: ● | Q5: 全 | R5: ● | S5: ● | T5: 全 | U5: 休 | V5: ● | W5: ● | X5: 休 | Y5: ● | Z5: ● | AA5: 休 | AB5: 休 | AC5: ● | AD5: ● | AE5: ● | AF5: ● | AG5: ●
B6: 溫瑞萍(代) | AB6: 早 | AG6: 早
B7: 紅河(代) | D7: 全 | I7: 全 | N7: 晚 | X7: 全 | AB7: 晚
B8: 愛玉 | D8: 消
A11: 南京 | B11: 劉韋彤 | C11: ● | D11: ● | E11: ● | F11: 休 | G11: 休 | H11: ● | I11: ● | J11: 休 | K11: ● | L11: ● | M11: ● | N11: 休 | O11: ● | P11: ● | Q11: 休 | R11: ● | S11: ● | T11: ● | U11: 休 | V11: ● | W11: ● | X11: ● | Y11: 休 | Z11: ● | AA11: ● | AB11: 休 | AC11: ● | AD11: ● | AE11: ● | AF11: ● | AG11: ●
B12: 劉映彤(代)
B13: 黃名慈(代) | G13: ● | N13: ● | U13: ● | AB13: ●
B14: 溫瑞萍(代) | F14: 早 | J14: 早 | Q14: 早 | R14: 消 | Y14: 早
B15: 紅河(代) | F15: 晚 | J15: 晚 | Q15: 晚 | Y15: 晚

Sheet 設定
A1: 2026 | B1: 7
B4: =IFERROR(__xludf.DUMMYFUNCTION("LET( Y, IFNA(VALUE(A1), IFNA(VALUE(REGEXEXTRACT(A1,""(\d{4})"")), 0)), M, IFNA(VALUE(B1), IFNA(VALUE(REGEXEXTRACT(B1,""(\d{1,2})"")), 0)), valid, AND(Y>=1900, M>=1, M<=12), IF(NOT(valid), ""請在 A1/B1 輸入有效年/月（例如 2025 與 8）"", VSTACK( HSTACK("""&"日期(號)"", SEQUENCE(1, DAY(EOMONTH(DATE(Y,M,1),0)), 1, 1)), HSTACK(""星期"", MAP(SEQUENCE(1, DAY(EOMONTH(DATE(Y,M,1),0)), DATE(Y,M,1), 1), LAMBDA(d, CHOOSE(WEEKDAY(d,2),""一"",""二"",""三"",""四"",""五"",""六"",""日""))) ) ) ) ) "),"日期(號)") -> 日期(號) | C4: =IFERROR(__xludf.DUMMYFUNCTION("""COMPUTED_VALUE"""),1.0) -> 1 | D4: =IFERROR(__xludf.DUMMYFUNCTION("""COMPUTED_VALUE"""),2.0) -> 2 | E4: =IFERROR(__xludf.DUMMYFUNCTION("""COMPUTED_VALUE"""),3.0) -> 3 | F4: =IFERROR(__xludf.DUMMYFUNCTION("""COMPUTED_VALUE"""),4.0) -> 4 | G4: =IFERROR(__xludf.DUMMYFUNCTION("""COMPUTED_VALUE"""),5.0) -> 5 | H4: =IFERROR(__xludf.DUMMYFUNCTION("""COMPUTED_VALUE"""),6.0) -> 6 | I4: =IFERROR(__xludf.DUMMYFUNCTION("""COMPUTED_VALUE"""),7.0) -> 7 | J4: =IFERROR(__xludf.DUMMYFUNCTION("""COMPUTED_VALUE"""),8.0) -> 8 | K4: =IFERROR(__xludf.DUMMYFUNCTION("""COMPUTED_VALUE"""),9.0) -> 9 | L4: =IFERROR(__xludf.DUMMYFUNCTION("""COMPUTED_VALUE"""),10.0) -> 10 | M4: =IFERROR(__xludf.DUMMYFUNCTION("""COMPUTED_VALUE"""),11.0) -> 11 | N4: =IFERROR(__xludf.DUMMYFUNCTION("""COMPUTED_VALUE"""),12.0) -> 12 | O4: =IFERROR(__xludf.DUMMYFUNCTION("""COMPUTED_VALUE"""),13.0) -> 13 | P4: =IFERROR(__xludf.DUMMYFUNCTION("""COMPUTED_VALUE"""),14.0) -> 14 | Q4: =IFERROR(__xludf.DUMMYFUNCTION("""COMPUTED_VALUE"""),15.0) -> 15 | R4: =IFERROR(__xludf.DUMMYFUNCTION("""COMPUTED_VALUE"""),16.0) -> 16 | S4: =IFERROR(__xludf.DUMMYFUNCTION("""COMPUTED_VALUE"""),17.0) -> 17 | T4: =IFERROR(__xludf.DUMMYFUNCTION("""COMPUTED_VALUE"""),18.0) -> 18 | U4: =IFERROR(__xludf.DUMMYFUNCTION("""COMPUTED_VALUE"""),19.0) -> 19 | V4: =IFERROR(__xludf.DUMMYFUNCTION("""COMPUTED_VALUE"""),20.0) -> 20 | W4: =IFERROR(__xludf.DUMMYFUNCTION("""COMPUTED_VALUE"""),21.0) -> 21 | X4: =IFERROR(__xludf.DUMMYFUNCTION("""COMPUTED_VALUE"""),22.0) -> 22 | Y4: =IFERROR(__xludf.DUMMYFUNCTION("""COMPUTED_VALUE"""),23.0) -> 23 | Z4: =IFERROR(__xludf.DUMMYFUNCTION("""COMPUTED_VALUE"""),24.0) -> 24 | AA4: =IFERROR(__xludf.DUMMYFUNCTION("""COMPUTED_VALUE"""),25.0) -> 25 | AB4: =IFERROR(__xludf.DUMMYFUNCTION("""COMPUTED_VALUE"""),26.0) -> 26 | AC4: =IFERROR(__xludf.DUMMYFUNCTION("""COMPUTED_VALUE"""),27.0) -> 27 | AD4: =IFERROR(__xludf.DUMMYFUNCTION("""COMPUTED_VALUE"""),28.0) -> 28 | AE4: =IFERROR(__xludf.DUMMYFUNCTION("""COMPUTED_VALUE"""),29.0) -> 29 | AF4: =IFERROR(__xludf.DUMMYFUNCTION("""COMPUTED_VALUE"""),30.0) -> 30 | AG4: =IFERROR(__xludf.DUMMYFUNCTION("""COMPUTED_VALUE"""),31.0) -> 31
B5: =IFERROR(__xludf.DUMMYFUNCTION("""COMPUTED_VALUE"""),"星期") -> 星期 | C5: =IFERROR(__xludf.DUMMYFUNCTION("""COMPUTED_VALUE"""),"三") -> 三 | D5: =IFERROR(__xludf.DUMMYFUNCTION("""COMPUTED_VALUE"""),"四") -> 四 | E5: =IFERROR(__xludf.DUMMYFUNCTION("""COMPUTED_VALUE"""),"五") -> 五 | F5: =IFERROR(__xludf.DUMMYFUNCTION("""COMPUTED_VALUE"""),"六") -> 六 | G5: =IFERROR(__xludf.DUMMYFUNCTION("""COMPUTED_VALUE"""),"日") -> 日 | H5: =IFERROR(__xludf.DUMMYFUNCTION("""COMPUTED_VALUE"""),"一") -> 一 | I5: =IFERROR(__xludf.DUMMYFUNCTION("""COMPUTED_VALUE"""),"二") -> 二 | J5: =IFERROR(__xludf.DUMMYFUNCTION("""COMPUTED_VALUE"""),"三") -> 三 | K5: =IFERROR(__xludf.DUMMYFUNCTION("""COMPUTED_VALUE"""),"四") -> 四 | L5: =IFERROR(__xludf.DUMMYFUNCTION("""COMPUTED_VALUE"""),"五") -> 五 | M5: =IFERROR(__xludf.DUMMYFUNCTION("""COMPUTED_VALUE"""),"六") -> 六 | N5: =IFERROR(__xludf.DUMMYFUNCTION("""COMPUTED_VALUE"""),"日") -> 日 | O5: =IFERROR(__xludf.DUMMYFUNCTION("""COMPUTED_VALUE"""),"一") -> 一 | P5: =IFERROR(__xludf.DUMMYFUNCTION("""COMPUTED_VALUE"""),"二") -> 二 | Q5: =IFERROR(__xludf.DUMMYFUNCTION("""COMPUTED_VALUE"""),"三") -> 三 | R5: =IFERROR(__xludf.DUMMYFUNCTION("""COMPUTED_VALUE"""),"四") -> 四 | S5: =IFERROR(__xludf.DUMMYFUNCTION("""COMPUTED_VALUE"""),"五") -> 五 | T5: =IFERROR(__xludf.DUMMYFUNCTION("""COMPUTED_VALUE"""),"六") -> 六 | U5: =IFERROR(__xludf.DUMMYFUNCTION("""COMPUTED_VALUE"""),"日") -> 日 | V5: =IFERROR(__xludf.DUMMYFUNCTION("""COMPUTED_VALUE"""),"一") -> 一 | W5: =IFERROR(__xludf.DUMMYFUNCTION("""COMPUTED_VALUE"""),"二") -> 二 | X5: =IFERROR(__xludf.DUMMYFUNCTION("""COMPUTED_VALUE"""),"三") -> 三 | Y5: =IFERROR(__xludf.DUMMYFUNCTION("""COMPUTED_VALUE"""),"四") -> 四 | Z5: =IFERROR(__xludf.DUMMYFUNCTION("""COMPUTED_VALUE"""),"五") -> 五 | AA5: =IFERROR(__xludf.DUMMYFUNCTION("""COMPUTED_VALUE"""),"六") -> 六 | AB5: =IFERROR(__xludf.DUMMYFUNCTION("""COMPUTED_VALUE"""),"日") -> 日 | AC5: =IFERROR(__xludf.DUMMYFUNCTION("""COMPUTED_VALUE"""),"一") -> 一 | AD5: =IFERROR(__xludf.DUMMYFUNCTION("""COMPUTED_VALUE"""),"二") -> 二 | AE5: =IFERROR(__xludf.DUMMYFUNCTION("""COMPUTED_VALUE"""),"三") -> 三 | AF5: =IFERROR(__xludf.DUMMYFUNCTION("""COMPUTED_VALUE"""),"四") -> 四 | AG5: =IFERROR(__xludf.DUMMYFUNCTION("""COMPUTED_VALUE"""),"五") -> 五
B7: ="悅禾莊園Spa "&TEXT(DATE(A1,B1,1),"M月")&" 班表" -> 悅禾莊園Spa 7月 班表
B10: {=VSTACK( HSTACK("日期(號)","星期"), HSTACK( SEQUENCE(DAY(EOMONTH(DATE(A1,B1,1),0)),1), MAP(SEQUENCE(DAY(EOMONTH(DATE(A1,B1,1),0)),1,DATE(A1,B1,1),1), LAMBDA(d,"星期"&SWITCH(WEEKDAY(d,2),1,"一",2,"二",3,"三",4,"四",5,"五",6,"六",7,"日"))) ) )} -> 日期(號) | C10: 星期
B11: 1 | C11: 星期三
B12: 2 | C12: 星期四
B13: 3 | C13: 星期五
B14: 4 | C14: 星期六
B15: 5 | C15: 星期日
B16: 6 | C16: 星期一
B17: 7 | C17: 星期二
B18: 8 | C18: 星期三
B19: 9 | C19: 星期四
B20: 10 | C20: 星期五
B21: 11 | C21: 星期六
B22: 12 | C22: 星期日
... B41: 31 | C41: 星期五
